attendance,is_holiday,is_school_holiday,is_weekend,attendance_lag1,attendance_ma7
20420,0,0,0,,
29110,0,0,1,20420.0,
23727,0,0,1,29110.0,
15115,0,0,0,23727.0,
16373,0,0,0,15115.0,
15831,0,0,0,16373.0,
16587,0,0,0,15831.0,19594.714285714286
16434,0,0,0,16587.0,19025.285714285714
25776,0,0,1,16434.0,18549.0
34376,0,0,1,25776.0,20070.285714285714
20253,0,0,0,34376.0,20804.285714285714
18715,0,0,0,20253.0,21138.85714285714
21217,0,0,0,18715.0,21908.285714285714
22656,0,0,0,21217.0,22775.285714285714
24449,0,0,0,22656.0,23920.285714285714
28194,0,0,1,24449.0,24265.714285714286
25786,0,0,1,28194.0,23038.571428571428
16283,0,0,0,25786.0,22471.428571428572
19780,0,0,0,16283.0,22623.571428571428
20334,0,0,0,19780.0,22497.428571428572
21564,0,0,0,20334.0,22341.428571428572
19632,0,0,0,21564.0,21653.285714285714
33975,0,0,1,19632.0,22479.14285714286
31151,0,0,1,33975.0,23245.571428571428
24384,0,0,0,31151.0,24402.85714285714
25977,0,0,0,24384.0,25288.14285714286
27053,0,0,0,25977.0,26248.0
27260,0,0,0,27053.0,27061.714285714286
32666,0,0,0,27260.0,28923.714285714286
36005,0,1,1,32666.0,29213.714285714286
28878,0,1,1,36005.0,28889.0
22008,0,1,0,28878.0,28549.571428571428
24406,0,1,0,22008.0,28325.14285714286
25517,0,1,0,24406.0,28105.714285714286
25058,0,1,0,25517.0,27791.14285714286
22756,0,1,0,25058.0,26375.428571428572
33899,0,1,1,22756.0,26074.571428571428
27247,0,1,1,33899.0,25841.571428571428
21876,0,1,0,27247.0,25822.714285714286
24157,0,1,0,21876.0,25787.14285714286
24193,0,1,0,24157.0,25598.0
24531,0,1,0,24193.0,25522.714285714286
19013,0,1,0,24531.0,24988.0
25567,0,1,1,19013.0,23797.714285714286
20521,0,1,1,25567.0,22836.85714285714
19965,0,1,0,20521.0,22563.85714285714
24192,0,1,0,19965.0,22568.85714285714
27635,0,1,0,24192.0,23060.571428571428
25259,0,1,0,27635.0,23164.571428571428
20637,0,1,0,25259.0,23396.571428571428
28007,0,1,1,20637.0,23745.14285714286
26290,0,1,1,28007.0,24569.285714285714
24870,0,1,0,26290.0,25270.0
27505,0,1,0,24870.0,25743.285714285714
27395,0,1,0,27505.0,25709.0
24784,0,1,0,27395.0,25641.14285714286
22053,0,1,0,24784.0,25843.428571428572
28300,0,1,1,22053.0,25885.285714285714
27015,0,1,1,28300.0,25988.85714285714
24944,0,1,0,27015.0,25999.428571428572
27348,0,1,0,24944.0,25977.0
27324,0,1,0,27348.0,25966.85714285714
26237,0,1,0,27324.0,26174.428571428572
21264,0,1,0,26237.0,26061.714285714286
22662,0,1,1,21264.0,25256.285714285714
22506,0,1,1,22662.0,24612.14285714286
24097,0,1,0,22506.0,24491.14285714286
26392,0,1,0,24097.0,24354.571428571428
34996,0,1,0,26392.0,25450.571428571428
26732,0,1,0,34996.0,25521.285714285714
27670,0,1,0,26732.0,26436.428571428572
25711,0,1,1,27670.0,26872.0
24767,0,1,1,25711.0,27195.0
20968,0,0,0,24767.0,26748.0
29767,0,0,0,20968.0,27230.14285714286
27179,0,0,0,29767.0,26113.428571428572
27594,0,0,0,27179.0,26236.571428571428
26386,0,0,0,27594.0,26053.14285714286
29636,0,0,1,26386.0,26613.85714285714
28419,0,0,1,29636.0,27135.571428571428
26799,0,0,0,28419.0,27968.571428571428
29424,0,0,0,26799.0,27919.571428571428
30712,0,0,0,29424.0,28424.285714285714
40414,0,0,0,30712.0,30255.714285714286
27742,0,0,0,40414.0,30449.428571428572
27469,0,0,1,27742.0,30139.85714285714
30153,0,0,1,27469.0,30387.571428571428
27201,0,0,0,30153.0,30445.0
31576,0,0,0,27201.0,30752.428571428572
23412,0,0,0,31576.0,29709.571428571428
30287,0,0,0,23412.0,28262.85714285714
26951,0,0,0,30287.0,28149.85714285714
30008,0,0,1,26951.0,28512.571428571428
23627,0,0,1,30008.0,27580.285714285714
14719,0,0,0,23627.0,25797.14285714286
18247,0,0,0,14719.0,23893.0
19544,0,0,0,18247.0,23340.428571428572
20105,0,0,0,19544.0,21885.85714285714
21130,0,0,0,20105.0,21054.285714285714
30496,0,0,1,21130.0,21124.0
26340,0,0,1,30496.0,21511.571428571428
14236,0,0,0,26340.0,21442.571428571428
15945,0,0,0,14236.0,21113.714285714286
16391,0,0,0,15945.0,20663.285714285714
14288,0,0,0,16391.0,19832.285714285714
14412,0,0,0,14288.0,18872.571428571428
42149,0,0,1,14412.0,20537.285714285714
26011,0,0,1,42149.0,20490.285714285714
10568,0,0,0,26011.0,19966.285714285714
11305,0,0,0,10568.0,19303.428571428572
12196,0,0,0,11305.0,18704.14285714286
12067,0,0,0,12196.0,18386.85714285714
11050,0,0,0,12067.0,17906.571428571428
35421,0,0,1,11050.0,16945.428571428572
21330,0,0,1,35421.0,16276.714285714286
11161,0,0,0,21330.0,16361.42857142857
11433,0,0,0,11161.0,16379.714285714286
12719,0,0,0,11433.0,16454.428571428572
15304,0,0,0,12719.0,16916.85714285714
19714,0,0,0,15304.0,18154.571428571428
28300,0,0,1,19714.0,17137.285714285714
25105,0,0,1,28300.0,17676.571428571428
8172,0,0,0,25105.0,17249.571428571428
10383,0,0,0,8172.0,17099.571428571428
11103,0,0,0,10383.0,16868.714285714286
12121,0,0,0,11103.0,16414.0
13714,0,0,0,12121.0,15556.857142857143
23658,0,0,1,13714.0,14893.714285714286
21031,0,0,1,23658.0,14311.714285714286
11204,0,0,0,21031.0,14744.857142857143
12974,0,0,0,11204.0,15115.0
14379,0,0,0,12974.0,15583.0
12822,0,0,0,14379.0,15683.142857142857
13815,0,0,0,12822.0,15697.57142857143
27233,0,1,1,13815.0,16208.285714285714
23647,0,1,1,27233.0,16582.0
14814,0,1,0,23647.0,17097.714285714286
15673,0,1,0,14814.0,17483.285714285714
17331,0,1,0,15673.0,17905.0
14929,0,1,0,17331.0,18206.0
15564,0,1,0,14929.0,18455.85714285714
27914,0,1,1,15564.0,18553.14285714286
31694,0,1,1,27914.0,19702.714285714286
26060,0,0,0,31694.0,21309.285714285714
28831,0,0,0,26060.0,23189.0
27632,0,0,0,28831.0,24660.571428571428
29638,0,0,0,27632.0,26761.85714285714
24904,0,0,0,29638.0,28096.14285714286
24313,0,0,1,24904.0,27581.714285714286
25885,0,0,1,24313.0,26751.85714285714
23079,0,0,0,25885.0,26326.0
20945,0,0,0,23079.0,25199.428571428572
22122,0,0,0,20945.0,24412.285714285714
25114,0,0,0,22122.0,23766.0
38046,0,0,0,25114.0,25643.428571428572
34205,0,0,1,38046.0,27056.571428571428
22866,0,0,1,34205.0,26625.285714285714
12025,0,0,0,22866.0,25046.14285714286
9495,0,0,0,12025.0,23410.428571428572
8894,0,0,0,9495.0,21520.714285714286
10176,0,0,0,8894.0,19386.714285714286
12763,0,0,0,10176.0,15774.857142857143
22865,0,0,1,12763.0,14154.857142857143
21278,0,0,1,22865.0,13928.0
13238,0,0,0,21278.0,14101.285714285714
15158,0,0,0,13238.0,14910.285714285714
15398,0,0,0,15158.0,15839.42857142857
14876,0,0,0,15398.0,16510.85714285714
16604,0,0,0,14876.0,17059.571428571428
27609,0,0,1,16604.0,17737.285714285714
29855,0,0,1,27609.0,18962.571428571428
14969,0,0,0,29855.0,19209.85714285714
11227,0,0,0,14969.0,18648.285714285714
12143,0,0,0,11227.0,18183.285714285714
14842,0,0,0,12143.0,18178.428571428572
25477,0,0,0,14842.0,19446.0
27126,0,0,1,25477.0,19377.0
28085,0,0,1,27126.0,19124.14285714286
14828,0,0,0,28085.0,19104.0
12839,0,0,0,14828.0,19334.285714285714
12647,0,0,0,12839.0,19406.285714285714
12392,0,0,0,12647.0,19056.285714285714
33582,0,0,0,12392.0,20214.14285714286
28341,0,0,1,33582.0,20387.714285714286
29158,0,0,1,28341.0,20541.0
18368,0,0,0,29158.0,21046.714285714286
16029,0,0,0,18368.0,21502.428571428572
14945,0,0,0,16029.0,21830.714285714286
15078,0,0,0,14945.0,22214.428571428572
34572,0,0,0,15078.0,22355.85714285714
28094,0,0,1,34572.0,22320.571428571428
23052,0,0,1,28094.0,21448.285714285714
17549,0,0,0,23052.0,21331.285714285714
16475,0,0,0,17549.0,21395.0
16637,0,0,0,16475.0,21636.714285714286
15230,0,0,0,16637.0,21658.428571428572
36638,0,0,0,15230.0,21953.571428571428
26995,0,0,1,36638.0,21796.571428571428
29128,0,0,1,26995.0,22664.571428571428
18714,0,0,0,29128.0,22831.0
16687,0,0,0,18714.0,22861.285714285714
17071,0,0,0,16687.0,22923.285714285714
16825,0,0,0,17071.0,23151.14285714286
17630,0,0,0,16825.0,20435.714285714286
30445,0,1,1,17630.0,20928.571428571428
30653,0,1,1,30445.0,21146.428571428572
24823,0,1,0,30653.0,22019.14285714286
32324,1,1,0,24823.0,24253.0
26218,1,1,0,32324.0,25559.714285714286
33540,0,1,0,26218.0,27947.571428571428
34595,0,1,0,33540.0,30371.14285714286
33212,0,1,1,34595.0,30766.428571428572
33488,0,1,1,33212.0,31171.428571428572
35366,0,1,0,33488.0,32677.571428571428
30185,1,1,0,35366.0,32372.0
30794,0,1,0,30185.0,33025.71428571428
36425,0,0,0,30794.0,33437.857142857145
35268,0,0,0,36425.0,33534.0
40953,0,0,1,35268.0,34639.857142857145
31550,0,0,1,40953.0,34363.0
13100,0,0,0,31550.0,31182.14285714286
10054,0,0,0,13100.0,28306.285714285714
8010,0,0,0,10054.0,25051.428571428572
9241,0,0,0,8010.0,21168.0
8744,0,0,0,9241.0,17378.85714285714
26445,0,0,1,8744.0,15306.285714285714
25281,0,0,1,26445.0,14410.714285714286
11402,0,0,0,25281.0,14168.142857142857
9306,0,0,0,11402.0,14061.285714285714
8598,0,0,0,9306.0,14145.285714285714
7910,0,0,0,8598.0,13955.142857142857
8501,0,0,0,7910.0,13920.42857142857
22443,0,0,1,8501.0,13348.714285714286
22914,0,0,1,22443.0,13010.57142857143
10004,0,0,0,22914.0,12810.857142857143
5607,0,0,0,10004.0,12282.42857142857
5620,0,0,0,5607.0,11857.0
6587,0,0,0,5620.0,11668.0
8172,0,0,0,6587.0,11621.0
24104,0,0,1,8172.0,11858.285714285714
21154,0,0,1,24104.0,11606.857142857143
9569,0,0,0,21154.0,11544.714285714286
8353,0,0,0,9569.0,11937.0
5320,0,0,0,8353.0,11894.142857142857
6662,0,0,0,5320.0,11904.857142857143
8546,0,0,0,6662.0,11958.285714285714
21401,0,0,1,8546.0,11572.142857142857
24964,0,0,1,21401.0,12116.42857142857
12537,0,0,0,24964.0,12540.42857142857
11987,0,0,0,12537.0,13059.57142857143
10451,0,0,0,11987.0,13792.57142857143
10639,0,0,0,10451.0,14360.714285714286
12803,0,0,0,10639.0,14968.857142857143
30800,0,1,1,12803.0,16311.57142857143
22302,0,1,1,30800.0,15931.285714285714
19710,0,1,0,22302.0,16956.0
20744,0,1,0,19710.0,18207.0
20358,0,1,0,20744.0,19622.285714285714
22690,0,1,0,20358.0,21343.85714285714
20318,0,1,0,22690.0,22417.428571428572
33346,0,1,1,20318.0,22781.14285714286
35937,0,1,1,33346.0,24729.0
24419,0,0,0,35937.0,25401.714285714286
24265,0,0,0,24419.0,25904.714285714286
23594,0,0,0,24265.0,26367.0
25873,0,0,0,23594.0,26821.714285714286
23905,0,0,0,25873.0,27334.14285714286
32161,0,0,1,23905.0,27164.85714285714
28351,0,0,1,32161.0,26081.14285714286
23854,0,0,0,28351.0,26000.428571428572
23952,0,0,0,23854.0,25955.714285714286
23866,0,0,0,23952.0,25994.571428571428
20833,0,0,0,23866.0,25274.571428571428
22033,0,0,0,20833.0,25007.14285714286
30464,0,0,1,22033.0,24764.714285714286
27126,0,0,1,30464.0,24589.714285714286
23137,0,0,0,27126.0,24487.285714285714
23046,0,0,0,23137.0,24357.85714285714
21736,0,0,0,23046.0,24053.571428571428
27210,0,0,0,21736.0,24964.571428571428
32421,0,0,0,27210.0,26448.571428571428
36128,0,0,1,32421.0,27257.714285714286
26656,0,0,1,36128.0,27190.571428571428
20176,0,0,0,26656.0,26767.571428571428
16760,0,0,0,20176.0,25869.571428571428
16199,0,0,0,16760.0,25078.571428571428
13418,0,0,0,16199.0,23108.285714285714
19214,0,0,0,13418.0,21221.571428571428
44052,0,0,1,19214.0,22353.571428571428
32486,0,0,1,44052.0,23186.428571428572
18409,0,0,0,32486.0,22934.0
18162,0,0,0,18409.0,23134.285714285714
16913,0,0,0,18162.0,23236.285714285714
17800,0,0,0,16913.0,23862.285714285714
20010,0,0,0,17800.0,23976.0
43208,0,0,1,20010.0,23855.428571428572
35371,0,0,1,43208.0,24267.571428571428
20676,0,0,0,35371.0,24591.428571428572
19266,0,0,0,20676.0,24749.14285714286
16127,0,0,0,19266.0,24636.85714285714
18897,0,0,0,16127.0,24793.571428571428
20509,0,0,0,18897.0,24864.85714285714
42832,0,0,1,20509.0,24811.14285714286
37985,0,0,1,42832.0,25184.571428571428
19046,0,0,0,37985.0,24951.714285714286
14682,0,0,0,19046.0,24296.85714285714
15617,0,0,0,14682.0,24224.0
17249,0,0,0,15617.0,23988.571428571428
18304,0,0,0,17249.0,23673.571428571428
25844,0,0,1,18304.0,21246.714285714286
26638,0,0,1,25844.0,19625.714285714286
25333,0,0,0,26638.0,20523.85714285714
27137,0,0,0,25333.0,22303.14285714286
26453,0,0,0,27137.0,23851.14285714286
29058,0,0,0,26453.0,25538.14285714286
25203,0,0,0,29058.0,26523.714285714286
26675,0,1,1,25203.0,26642.428571428572
26704,0,1,1,26675.0,26651.85714285714
27820,0,1,0,26704.0,27007.14285714286
28610,0,1,0,27820.0,27217.571428571428
31484,0,1,0,28610.0,27936.285714285714
31736,1,1,0,31484.0,28318.85714285714
28761,1,1,0,31736.0,28827.14285714286
29016,0,1,1,28761.0,29161.571428571428
31438,1,1,1,29016.0,29837.85714285714
26182,1,1,0,31438.0,29603.85714285714
29818,0,0,0,26182.0,29776.428571428572
27831,0,0,0,29818.0,29254.571428571428
27069,0,0,0,27831.0,28587.85714285714
25954,0,0,0,27069.0,28186.85714285714
24141,0,0,1,25954.0,27490.428571428572
22564,0,0,1,24141.0,26222.714285714286
22858,0,0,0,22564.0,25747.85714285714
26522,0,0,0,22858.0,25277.0
28775,0,0,0,26522.0,25411.85714285714
22565,0,0,0,28775.0,24768.428571428572
23177,0,0,0,22565.0,24371.714285714286
21568,0,0,1,23177.0,24004.14285714286
19525,0,0,1,21568.0,23570.0
12689,0,0,0,19525.0,22117.285714285714
15558,0,0,0,12689.0,20551.0
15126,0,0,0,15558.0,18601.14285714286
14597,0,0,0,15126.0,17462.85714285714
15472,0,0,0,14597.0,16362.142857142857
20618,0,0,1,15472.0,16226.42857142857
24618,0,0,1,20618.0,16954.0
14243,0,0,0,24618.0,17176.0
16693,0,0,0,14243.0,17338.14285714286
16458,0,0,0,16693.0,17528.428571428572
17592,0,0,0,16458.0,17956.285714285714
17934,1,0,0,17592.0,18308.0
27403,0,0,1,17934.0,19277.285714285714
22959,0,0,1,27403.0,19040.285714285714
15946,0,0,0,22959.0,19283.571428571428
14910,0,0,0,15946.0,19028.85714285714
16124,0,0,0,14910.0,18981.14285714286
17461,0,0,0,16124.0,18962.428571428572
18598,0,0,0,17461.0,19057.285714285714
26572,0,0,1,18598.0,18938.571428571428
23306,0,0,1,26572.0,18988.14285714286
17386,0,0,0,23306.0,19193.85714285714
18194,0,0,0,17386.0,19663.0
24873,0,0,0,18194.0,20912.85714285714
30446,1,0,0,24873.0,22767.85714285714
38512,0,0,0,30446.0,25612.714285714286
36127,0,0,1,38512.0,26977.714285714286
21881,0,0,1,36127.0,26774.14285714286
15919,0,0,0,21881.0,26564.571428571428
17342,0,0,0,15919.0,26442.85714285714
16902,0,0,0,17342.0,25304.14285714286
20424,0,0,0,16902.0,23872.428571428572
17995,0,0,0,20424.0,20941.428571428572
26420,0,0,1,17995.0,19554.714285714286
34799,1,0,1,26420.0,21400.14285714286
23975,1,0,0,34799.0,22551.0
20247,0,0,0,23975.0,22966.0
18957,0,0,0,20247.0,23259.571428571428
21733,0,0,0,18957.0,23446.571428571428
20039,0,0,0,21733.0,23738.571428571428
31729,0,0,1,20039.0,24497.0
26428,0,0,1,31729.0,23301.14285714286
16327,0,0,0,26428.0,22208.571428571428
19827,0,0,0,16327.0,22148.571428571428
17618,0,0,0,19827.0,21957.285714285714
19718,0,0,0,17618.0,21669.428571428572
21964,0,0,0,19718.0,21944.428571428572
27569,0,0,1,21964.0,21350.14285714286
26706,0,0,1,27569.0,21389.85714285714
21355,0,0,0,26706.0,22108.14285714286
22642,0,0,0,21355.0,22510.285714285714
23376,0,0,0,22642.0,23332.85714285714
23735,0,0,0,23376.0,23906.714285714286
22203,0,0,0,23735.0,23940.85714285714
23397,0,1,1,22203.0,23344.85714285714
25214,0,1,1,23397.0,23131.714285714286
21377,0,1,0,25214.0,23134.85714285714
23861,0,1,0,21377.0,23309.0
23598,0,1,0,23861.0,23340.714285714286
24038,0,1,0,23598.0,23384.0
26295,0,1,0,24038.0,23968.571428571428
28897,0,1,1,26295.0,24754.285714285714
30812,0,1,1,28897.0,25554.0
21582,0,1,0,30812.0,25583.285714285714
23854,0,1,0,21582.0,25582.285714285714
23009,0,1,0,23854.0,25498.14285714286
24221,0,1,0,23009.0,25524.285714285714
26532,0,1,0,24221.0,25558.14285714286
24084,0,1,1,26532.0,24870.571428571428
24505,0,1,1,24084.0,23969.571428571428
20312,0,1,0,24505.0,23788.14285714286
25125,0,1,0,20312.0,23969.714285714286
25212,0,1,0,25125.0,24284.428571428572
25531,0,1,0,25212.0,24471.571428571428
21068,0,1,0,25531.0,23691.0
25441,0,1,1,21068.0,23884.85714285714
25367,0,1,1,25441.0,24008.0
22110,0,1,0,25367.0,24264.85714285714
22422,0,1,0,22110.0,23878.714285714286
21185,0,1,0,22422.0,23303.428571428572
17743,0,1,0,21185.0,22190.85714285714
21942,0,1,0,17743.0,22315.714285714286
22341,0,1,1,21942.0,21872.85714285714
27256,0,1,1,22341.0,22142.714285714286
23190,0,1,0,27256.0,22297.0
24572,0,1,0,23190.0,22604.14285714286
25835,0,1,0,24572.0,23268.428571428572
24746,0,1,0,25835.0,24268.85714285714
21951,0,1,0,24746.0,24270.14285714286
24499,0,1,1,21951.0,24578.428571428572
25071,0,1,1,24499.0,24266.285714285714
24633,0,1,0,25071.0,24472.428571428572
25705,0,1,0,24633.0,24634.285714285714
28196,0,1,0,25705.0,24971.571428571428
31266,0,1,0,28196.0,25903.0
21809,0,1,0,31266.0,25882.714285714286
27550,0,1,1,21809.0,26318.571428571428
26665,0,1,1,27550.0,26546.285714285714
24487,0,0,0,26665.0,26525.428571428572
34945,0,0,0,24487.0,27845.428571428572
28300,0,0,0,34945.0,27860.285714285714
25372,0,0,0,28300.0,27018.285714285714
28228,0,0,0,25372.0,27935.285714285714
23446,0,0,1,28228.0,27349.0
22605,0,0,1,23446.0,26769.0
27398,0,0,0,22605.0,27184.85714285714
30348,0,0,0,27398.0,26528.14285714286
29720,0,0,0,30348.0,26731.0
30193,0,0,0,29720.0,27419.714285714286
26513,0,0,0,30193.0,27174.714285714286
29930,0,0,1,26513.0,28101.0
28826,0,0,1,29930.0,28989.714285714286
24431,0,0,0,28826.0,28565.85714285714
25830,0,0,0,24431.0,27920.428571428572
25904,0,0,0,25830.0,27375.285714285714
27226,0,0,0,25904.0,26951.428571428572
23993,0,0,0,27226.0,26591.428571428572
29712,0,0,1,23993.0,26560.285714285714
30238,0,0,1,29712.0,26762.0
14956,0,0,0,30238.0,25408.428571428572
17467,0,0,0,14956.0,24213.714285714286
18189,0,0,0,17467.0,23111.571428571428
18157,0,0,0,18189.0,21816.0
17416,0,0,0,18157.0,20876.428571428572
25478,0,0,1,17416.0,20271.571428571428
24836,0,0,1,25478.0,19499.85714285714
13568,0,0,0,24836.0,19301.571428571428
14742,0,0,0,13568.0,18912.285714285714
15335,0,0,0,14742.0,18504.571428571428
15611,0,0,0,15335.0,18140.85714285714
16061,0,0,0,15611.0,17947.285714285714
32245,0,0,1,16061.0,18914.0
27907,0,0,1,32245.0,19352.714285714286
13777,0,0,0,27907.0,19382.571428571428
14516,0,0,0,13777.0,19350.285714285714
14593,0,0,0,14516.0,19244.285714285714
14105,0,0,0,14593.0,19029.14285714286
13497,0,0,0,14105.0,18662.85714285714
29791,0,0,1,13497.0,18312.285714285714
22055,0,0,1,29791.0,17476.285714285714
13146,0,0,0,22055.0,17386.14285714286
12018,0,0,0,13146.0,17029.285714285714
12133,0,0,0,12018.0,16677.85714285714
12541,0,0,0,12133.0,16454.428571428572
21367,0,0,0,12541.0,17578.714285714286
30136,0,0,1,21367.0,17628.0
22592,0,0,1,30136.0,17704.714285714286
11897,0,0,0,22592.0,17526.285714285714
9021,0,0,0,11897.0,17098.14285714286
10379,0,0,0,9021.0,16847.571428571428
12543,0,0,0,10379.0,16847.85714285714
14517,0,0,0,12543.0,15869.285714285714
22172,0,0,1,14517.0,14731.57142857143
21644,0,0,1,22172.0,14596.142857142857
13983,0,0,0,21644.0,14894.142857142857
12551,0,0,0,13983.0,15398.42857142857
12447,0,0,0,12551.0,15693.857142857143
15367,0,0,0,12447.0,16097.285714285714
15089,0,0,0,15367.0,16179.0
25437,0,1,1,15089.0,16645.428571428572
26996,0,1,1,25437.0,17410.0
14078,0,1,0,26996.0,17423.571428571428
16999,0,1,0,14078.0,18059.0
16064,0,1,0,16999.0,18575.714285714286
16653,0,1,0,16064.0,18759.428571428572
15673,0,1,0,16653.0,18842.85714285714
21027,0,1,1,15673.0,18212.85714285714
23318,0,1,1,21027.0,17687.428571428572
21499,0,0,0,23318.0,18747.571428571428
26172,0,0,0,21499.0,20058.0
27092,0,0,0,26172.0,21633.428571428572
24677,0,0,0,27092.0,22779.714285714286
21178,0,0,0,24677.0,23566.14285714286
26545,0,0,1,21178.0,24354.428571428572
21755,0,0,1,26545.0,24131.14285714286
23181,0,0,0,21755.0,24371.428571428572
24814,0,0,0,23181.0,24177.428571428572
24406,0,0,0,24814.0,23793.714285714286
23305,0,0,0,24406.0,23597.714285714286
24528,0,0,0,23305.0,24076.285714285714
28551,0,0,1,24528.0,24362.85714285714
23198,0,0,1,28551.0,24569.0
12344,0,0,0,23198.0,23020.85714285714
7817,0,0,0,12344.0,20592.714285714286
9466,0,0,0,7817.0,18458.428571428572
9256,0,0,0,9466.0,16451.428571428572
10890,0,0,0,9256.0,14503.142857142857
22275,0,0,1,10890.0,13606.57142857143
33352,0,0,1,22275.0,15057.142857142857
20394,0,0,0,33352.0,16207.142857142857
13364,0,0,0,20394.0,16999.571428571428
11515,0,0,0,13364.0,17292.285714285714
11693,0,0,0,11515.0,17640.428571428572
13316,0,0,0,11693.0,17987.0
25706,0,0,1,13316.0,18477.14285714286
27243,0,0,1,25706.0,17604.428571428572
13918,0,0,0,27243.0,16679.285714285714
14544,0,0,0,13918.0,16847.85714285714
13739,0,0,0,14544.0,17165.571428571428
14252,0,0,0,13739.0,17531.14285714286
33714,0,0,0,14252.0,20445.14285714286
26093,0,0,1,33714.0,20500.428571428572
27467,0,0,1,26093.0,20532.428571428572
14891,0,0,0,27467.0,20671.428571428572
12971,0,0,0,14891.0,20446.714285714286
11219,0,0,0,12971.0,20086.714285714286
12744,0,0,0,11219.0,19871.285714285714
35017,0,0,0,12744.0,20057.428571428572
25212,0,0,1,35017.0,19931.571428571428
23342,0,0,1,25212.0,19342.285714285714
15819,0,0,0,23342.0,19474.85714285714
13643,0,0,0,15819.0,19570.85714285714
13091,0,0,0,13643.0,19838.285714285714
13269,0,0,0,13091.0,19913.285714285714
30297,0,0,0,13269.0,19239.0
23121,0,0,1,30297.0,18940.285714285714
23181,0,0,1,23121.0,18917.285714285714
13225,0,0,0,23181.0,18546.714285714286
12862,0,0,0,13225.0,18435.14285714286
12114,0,0,0,12862.0,18295.571428571428
12148,0,0,0,12114.0,18135.428571428572
13851,0,0,0,12148.0,15786.0
24288,0,0,1,13851.0,15952.714285714286
25025,0,0,1,24288.0,16216.142857142857
15324,0,0,0,25025.0,16516.0
14415,0,0,0,15324.0,16737.85714285714
14106,0,0,0,14415.0,17022.428571428572
13967,0,0,0,14106.0,17282.285714285714
13447,0,0,0,13967.0,17224.571428571428
18729,0,1,1,13447.0,16430.428571428572
23657,0,1,1,18729.0,16235.0
23858,0,1,0,23657.0,17454.14285714286
19611,0,1,0,23858.0,18196.428571428572
27076,1,1,0,19611.0,20049.285714285714
27000,1,1,0,27076.0,21911.14285714286
30380,0,1,0,27000.0,24330.14285714286
33499,0,1,1,30380.0,26440.14285714286
32446,0,1,1,33499.0,27695.714285714286
34008,0,1,0,32446.0,29145.714285714286
31516,0,1,0,34008.0,30846.428571428572
25499,1,1,0,31516.0,30621.14285714286
28816,0,1,0,25499.0,30880.571428571428
31048,0,1,0,28816.0,30976.0
31952,0,1,1,31048.0,30755.0
24298,0,1,1,31952.0,29591.0
16966,0,0,0,24298.0,27156.428571428572
14007,0,0,0,16966.0,24655.14285714286
13266,0,0,0,14007.0,22907.571428571428
11974,0,0,0,13266.0,20501.571428571428
11397,0,0,0,11974.0,17694.285714285714
30716,0,0,1,11397.0,17517.714285714286
27918,0,0,1,30716.0,18034.85714285714
18423,0,0,0,27918.0,18243.0
13274,0,0,0,18423.0,18138.285714285714
11723,0,0,0,13274.0,17917.85714285714
13341,0,0,0,11723.0,18113.14285714286
11642,0,0,0,13341.0,18148.14285714286
32336,0,0,1,11642.0,18379.571428571428
30339,0,0,1,32336.0,18725.428571428572
16178,0,0,0,30339.0,18404.714285714286
10875,0,0,0,16178.0,18062.0
10362,0,0,0,10875.0,17867.571428571428
9777,0,0,0,10362.0,17358.428571428572
14488,0,0,0,9777.0,17765.0
28835,0,0,1,14488.0,17264.85714285714
28170,0,0,1,28835.0,16955.0
16447,0,0,0,28170.0,16993.428571428572
12279,0,0,0,16447.0,17194.0
11649,0,0,0,12279.0,17377.85714285714
11635,0,0,0,11649.0,17643.285714285714
15489,0,0,0,11635.0,17786.285714285714
29971,0,0,1,15489.0,17948.571428571428
26955,0,0,1,29971.0,17775.0
20104,0,0,0,26955.0,18297.428571428572
15658,0,0,0,20104.0,18780.14285714286
14229,0,0,0,15658.0,19148.714285714286
15438,0,0,0,14229.0,19692.0
16691,0,0,0,15438.0,19863.714285714286
25369,0,1,1,16691.0,19206.285714285714
21939,0,1,1,25369.0,18489.714285714286
15949,0,1,0,21939.0,17896.14285714286
16122,0,1,0,15949.0,17962.428571428572
16881,0,1,0,16122.0,18341.285714285714
14534,0,1,0,16881.0,18212.14285714286
19972,0,1,0,14534.0,18680.85714285714
30850,0,1,1,19972.0,19463.85714285714
27858,0,1,1,30850.0,20309.428571428572
24891,0,0,0,27858.0,21586.85714285714
27834,0,0,0,24891.0,23260.0
26513,0,0,0,27834.0,24636.0
26917,0,0,0,26513.0,26405.0
29670,0,0,0,26917.0,27790.428571428572
34860,0,0,1,29670.0,28363.285714285714
31194,0,0,1,34860.0,28839.85714285714
31566,0,0,0,31194.0,29793.428571428572
28191,0,0,0,31566.0,29844.428571428572
25633,0,0,0,28191.0,29718.714285714286
26690,0,0,0,25633.0,29686.285714285714
25256,0,0,0,26690.0,29055.714285714286
31231,0,0,1,25256.0,28537.285714285714
22455,0,0,1,31231.0,27288.85714285714
18637,0,0,0,22455.0,25441.85714285714
18020,0,0,0,18637.0,23988.85714285714
17584,0,0,0,18020.0,22839.0
17111,0,0,0,17584.0,21470.571428571428
18476,0,0,0,17111.0,20502.0
32972,0,0,1,18476.0,20750.714285714286
22717,0,0,1,32972.0,20788.14285714286
18019,0,0,0,22717.0,20699.85714285714
15626,0,0,0,18019.0,20357.85714285714
13217,0,0,0,15626.0,19734.0
12251,0,0,0,13217.0,19039.714285714286
13747,0,0,0,12251.0,18364.14285714286
-6084,0,1,0,13747.0,12784.714285714286
-6102,0,1,0,-6084.0,8667.714285714286
-1653,0,1,1,-6102.0,5857.428571428572
-984,0,1,1,-1653.0,3484.5714285714284
3030,0,1,0,-984.0,2029.2857142857142
3761,0,1,0,3030.0,816.4285714285714
-564,0,1,0,3761.0,-1228.0
862,0,1,0,-564.0,-235.71428571428572
645,0,1,0,862.0,728.1428571428571
1378,0,1,1,645.0,1161.142857142857
1763,0,1,1,1378.0,1553.5714285714287
556,0,1,0,1763.0,1200.142857142857
1151,0,1,0,556.0,827.2857142857143
1024,0,1,0,1151.0,1054.142857142857
543,0,1,0,1024.0,1008.5714285714286
993,0,1,0,543.0,1058.2857142857142
4593,0,1,1,993.0,1517.5714285714287
4410,0,1,1,4593.0,1895.7142857142858
2463,0,1,0,4410.0,2168.1428571428573
3702,0,1,0,2463.0,2532.5714285714284
3141,0,1,0,3702.0,2835.0
2220,0,1,0,3141.0,3074.5714285714284
-63,0,1,0,2220.0,2923.714285714286
3632,0,1,1,-63.0,2786.4285714285716
4516,0,1,1,3632.0,2801.5714285714284
4482,0,1,0,4516.0,3090.0
8288,0,1,0,4482.0,3745.1428571428573
7181,0,1,0,8288.0,4322.285714285715
6069,0,1,0,7181.0,4872.142857142857
2792,0,1,0,6069.0,5280.0
4226,0,1,1,2792.0,5364.857142857143
4248,0,1,1,4226.0,5326.571428571428
4071,0,0,0,4248.0,5267.857142857143
5245,0,0,0,4071.0,4833.142857142857
4445,0,0,0,5245.0,4442.285714285715
4763,0,0,0,4445.0,4255.714285714285
3243,0,0,0,4763.0,4320.142857142857
6805,0,0,1,3243.0,4688.571428571428
4315,0,0,1,6805.0,4698.142857142857
4157,0,0,0,4315.0,4710.428571428572
6388,0,0,0,4157.0,4873.714285714285
5890,0,0,0,6388.0,5080.142857142857
7263,0,0,0,5890.0,5437.285714285715
3625,0,0,0,7263.0,5491.857142857143
7087,0,0,1,3625.0,5532.142857142857
6384,0,0,1,7087.0,5827.714285714285
4209,0,0,0,6384.0,5835.142857142857
4263,0,0,0,4209.0,5531.571428571428
4669,0,0,0,4263.0,5357.142857142857
5703,0,0,0,4669.0,5134.285714285715
3508,0,0,0,5703.0,5117.571428571428
7136,0,0,1,3508.0,5124.571428571428
5899,0,0,1,7136.0,5055.285714285715
936,0,0,0,5899.0,4587.714285714285
-321,0,0,0,936.0,3932.8571428571427
870,0,0,0,-321.0,3390.1428571428573
1,0,0,0,870.0,2575.5714285714284
-399,0,0,0,1.0,2017.4285714285713
7206,0,0,1,-399.0,2027.4285714285713
5989,0,0,1,7206.0,2040.2857142857142
-375,0,0,0,5989.0,1853.0
700,0,0,0,-375.0,1998.857142857143
1285,0,0,0,700.0,2058.1428571428573
739,0,0,0,1285.0,2163.5714285714284
495,0,0,0,739.0,2291.285714285714
8333,0,0,1,495.0,2452.285714285714
7633,0,0,1,8333.0,2687.1428571428573
-1004,0,0,0,7633.0,2597.285714285714
-912,0,0,0,-1004.0,2367.0
-274,0,0,0,-912.0,2144.285714285714
-702,0,0,0,-274.0,1938.4285714285713
-551,0,0,0,-702.0,1789.0
7437,0,0,1,-551.0,1661.0
7632,0,0,1,7437.0,1660.857142857143
-187,0,0,0,7632.0,1777.5714285714287
-512,0,0,0,-187.0,1834.7142857142858
-673,0,0,0,-512.0,1777.7142857142858
-1765,0,0,0,-673.0,1625.857142857143
-1261,0,0,0,-1765.0,1524.4285714285713
7690,0,0,1,-1261.0,1560.5714285714287
5463,0,0,1,7690.0,1250.7142857142858
-202,0,0,0,5463.0,1248.5714285714287
-665,0,0,0,-202.0,1226.7142857142858
581,0,0,0,-665.0,1405.857142857143
-1706,0,0,0,581.0,1414.2857142857142
-1987,0,0,0,-1706.0,1310.5714285714287
4601,0,0,1,-1987.0,869.2857142857143
4113,0,0,1,4601.0,676.4285714285714
-2324,0,0,0,4113.0,373.2857142857143
-2519,0,0,0,-2324.0,108.42857142857143
-1090,0,0,0,-2519.0,-130.28571428571428
-1970,0,0,0,-1090.0,-168.0
-1796,0,0,0,-1970.0,-140.71428571428572
7852,0,1,1,-1796.0,323.7142857142857
8406,0,1,1,7852.0,937.0
-640,0,1,0,8406.0,1177.5714285714287
-1785,0,1,0,-640.0,1282.4285714285713
-423,0,1,0,-1785.0,1377.7142857142858
-872,0,1,0,-423.0,1534.5714285714287
-332,0,1,0,-872.0,1743.7142857142858
6262,0,1,1,-332.0,1516.5714285714287
8183,0,1,1,6262.0,1484.7142857142858
5275,0,0,0,8183.0,2329.714285714286
4184,0,0,0,5275.0,3182.4285714285716
5666,0,0,0,4184.0,4052.285714285714
5891,0,0,0,5666.0,5018.428571428572
5489,0,0,0,5891.0,5850.0
7414,0,0,1,5489.0,6014.571428571428
7713,0,0,1,7414.0,5947.428571428572
6128,0,0,0,7713.0,6069.285714285715
4749,0,0,0,6128.0,6150.0
3774,0,0,0,4749.0,5879.714285714285
5058,0,0,0,3774.0,5760.714285714285
-6105,0,0,0,5058.0,4104.428571428572
-6105,0,0,0,-6105.0,2173.1428571428573
-6105,0,0,0,-6105.0,199.14285714285714
-6105,0,0,0,-6105.0,-1548.4285714285713
-6102,0,0,0,-6105.0,-3098.5714285714284
-6105,0,0,0,-6102.0,-4509.857142857143
-6104,0,0,0,-6105.0,-6104.428571428572
-6101,0,0,0,-6104.0,-6103.857142857143
-6104,0,0,0,-6101.0,-6103.714285714285
-6103,0,0,0,-6104.0,-6103.428571428572
-6105,0,0,0,-6103.0,-6103.428571428572
-6104,0,0,0,-6105.0,-6103.714285714285
-6098,0,0,1,-6104.0,-6102.714285714285
3379,0,0,0,-6098.0,-4748.0
4162,0,0,0,3379.0,-3281.8571428571427
1762,0,0,0,4162.0,-2158.1428571428573
3977,0,0,0,1762.0,-718.1428571428571
6392,0,0,1,3977.0,1067.142857142857
6220,0,0,1,6392.0,2827.714285714286
3833,0,0,0,6220.0,4246.428571428572
3109,0,0,0,3833.0,4207.857142857143
5587,0,0,0,3109.0,4411.428571428572
5237,0,0,0,5587.0,4907.857142857143
5167,0,0,0,5237.0,5077.857142857143
7213,0,1,1,5167.0,5195.142857142857
7164,0,1,1,7213.0,5330.0
6049,0,1,0,7164.0,5646.571428571428
5858,0,1,0,6049.0,6039.285714285715
6095,0,1,0,5858.0,6111.857142857143
4677,0,1,0,6095.0,6031.857142857143
6306,0,1,0,4677.0,6194.571428571428
9339,0,1,1,6306.0,6498.285714285715
9728,0,1,1,9339.0,6864.571428571428
5663,0,1,0,9728.0,6809.428571428572
6061,0,1,0,5663.0,6838.428571428572
5591,0,1,0,6061.0,6766.428571428572
6796,0,1,0,5591.0,7069.142857142857
6592,0,1,0,6796.0,7110.0
8531,0,1,1,6592.0,6994.571428571428
11386,0,1,1,8531.0,7231.428571428572
6700,0,1,0,11386.0,7379.571428571428
6566,0,1,0,6700.0,7451.714285714285
9132,0,1,0,6566.0,7957.571428571428
10795,0,1,0,9132.0,8528.857142857143
10921,0,1,0,10795.0,9147.285714285714
11197,0,1,1,10921.0,9528.142857142857
11909,0,1,1,11197.0,9602.857142857143
10566,0,1,0,11909.0,10155.142857142857
10829,0,1,0,10566.0,10764.142857142857
9191,0,1,0,10829.0,10772.57142857143
9512,0,1,0,9191.0,10589.285714285714
7513,0,1,0,9512.0,10102.42857142857
9105,0,1,1,7513.0,9803.57142857143
9226,0,1,1,9105.0,9420.285714285714
7298,0,1,0,9226.0,8953.42857142857
8400,0,1,0,7298.0,8606.42857142857
10397,0,1,0,8400.0,8778.714285714286
10087,0,1,0,10397.0,8860.857142857143
7747,0,1,0,10087.0,8894.285714285714
10171,0,1,1,7747.0,9046.57142857143
10864,0,1,1,10171.0,9280.57142857143
8134,0,1,0,10864.0,9400.0
10040,0,1,0,8134.0,9634.285714285714
10353,0,1,0,10040.0,9628.0
11189,0,1,0,10353.0,9785.42857142857
8938,0,1,0,11189.0,9955.57142857143
8957,0,1,1,8938.0,9782.142857142857
11239,0,1,1,8957.0,9835.714285714286
9511,0,0,0,11239.0,10032.42857142857
10560,0,0,0,9511.0,10106.714285714286
11838,0,0,0,10560.0,10318.857142857143
11306,0,0,0,11838.0,10335.57142857143
10677,0,0,0,11306.0,10584.0
9720,0,0,1,10677.0,10693.0
10084,0,0,1,9720.0,10528.0
10991,0,0,0,10084.0,10739.42857142857
11785,0,0,0,10991.0,10914.42857142857
11987,0,0,0,11785.0,10935.714285714286
12219,0,0,0,11987.0,11066.142857142857
11681,0,0,0,12219.0,11209.57142857143
11819,0,0,1,11681.0,11509.42857142857
12196,0,0,1,11819.0,11811.142857142857
10540,0,0,0,12196.0,11746.714285714286
11316,0,0,0,10540.0,11679.714285714286
11644,0,0,0,11316.0,11630.714285714286
11721,0,0,0,11644.0,11559.57142857143
11791,0,0,0,11721.0,11575.285714285714
11823,0,0,1,11791.0,11575.857142857143
13279,0,0,1,11823.0,11730.57142857143
11344,0,0,0,13279.0,11845.42857142857
11237,0,0,0,11344.0,11834.142857142857
7612,0,0,0,11237.0,11258.142857142857
7785,0,0,0,7612.0,10695.857142857143
7153,0,0,0,7785.0,10033.285714285714
10926,0,0,1,7153.0,9905.142857142857
12132,0,0,1,10926.0,9741.285714285714
5737,0,0,0,12132.0,8940.285714285714
7574,0,0,0,5737.0,8417.0
7768,0,0,0,7574.0,8439.285714285714
6185,0,0,0,7768.0,8210.714285714286
6053,0,0,0,6185.0,8053.571428571428
10479,0,0,1,6053.0,7989.714285714285
13228,0,0,1,10479.0,8146.285714285715
5095,0,0,0,13228.0,8054.571428571428
4233,0,0,0,5095.0,7577.285714285715
4009,0,0,0,4233.0,7040.285714285715
5189,0,0,0,4009.0,6898.0
6492,0,0,0,5189.0,6960.714285714285
12118,0,0,1,6492.0,7194.857142857143
13382,0,0,1,12118.0,7216.857142857143
4875,0,0,0,13382.0,7185.428571428572
4816,0,0,0,4875.0,7268.714285714285
5152,0,0,0,4816.0,7432.0
4954,0,0,0,5152.0,7398.428571428572
6121,0,0,0,4954.0,7345.428571428572
12616,0,0,1,6121.0,7416.571428571428
16043,0,0,1,12616.0,7796.714285714285
10248,0,0,0,16043.0,8564.285714285714
4283,0,0,0,10248.0,8488.142857142857
2181,0,0,0,4283.0,8063.714285714285
2144,0,0,0,2181.0,7662.285714285715
4580,0,0,0,2144.0,7442.142857142857
13964,0,0,1,4580.0,7634.714285714285
11636,0,0,1,13964.0,7005.142857142857
6826,0,0,0,11636.0,6516.285714285715
5420,0,0,0,6826.0,6678.714285714285
4924,0,0,0,5420.0,7070.571428571428
5244,0,0,0,4924.0,7513.428571428572
6925,0,0,0,5244.0,7848.428571428572
13441,0,0,1,6925.0,7773.714285714285
14755,0,0,1,13441.0,8219.285714285714
9957,0,0,0,14755.0,8666.57142857143
8641,0,0,0,9957.0,9126.714285714286
9021,0,0,0,8641.0,9712.0
8633,0,0,0,9021.0,10196.142857142857
9696,0,0,0,8633.0,10592.0
13490,0,1,1,9696.0,10599.0
14125,0,1,1,13490.0,10509.0
11007,0,1,0,14125.0,10659.0
11309,0,1,0,11007.0,11040.142857142857
10038,0,1,0,11309.0,11185.42857142857
8518,0,1,0,10038.0,11169.0
10790,0,1,0,8518.0,11325.285714285714
13952,0,1,1,10790.0,11391.285714285714
17124,0,1,1,13952.0,11819.714285714286
15114,0,0,0,17124.0,12406.42857142857
16522,0,0,0,15114.0,13151.142857142857
17279,0,0,0,16522.0,14185.57142857143
18234,0,0,0,17279.0,15573.57142857143
16290,0,0,0,18234.0,16359.285714285714
16133,0,0,1,16290.0,16670.85714285714
22672,0,0,1,16133.0,17463.428571428572
16397,0,0,0,22672.0,17646.714285714286
15893,0,0,0,16397.0,17556.85714285714
16206,0,0,0,15893.0,17403.571428571428
16289,0,0,0,16206.0,17125.714285714286
15777,0,0,0,16289.0,17052.428571428572
18204,0,0,1,15777.0,17348.285714285714
14111,0,0,1,18204.0,16125.285714285714
8293,0,0,0,14111.0,14967.57142857143
8446,0,0,0,8293.0,13903.714285714286
9869,0,0,0,8446.0,12998.42857142857
13994,0,0,0,9869.0,12670.57142857143
17391,0,0,0,13994.0,12901.142857142857
19570,0,0,1,17391.0,13096.285714285714
16780,0,0,1,19570.0,13477.57142857143
9339,0,0,0,16780.0,13627.0
8201,0,0,0,9339.0,13592.0
7773,0,0,0,8201.0,13292.57142857143
7627,0,0,0,7773.0,12383.0
23525,0,0,0,7627.0,13259.285714285714
17576,0,0,1,23525.0,12974.42857142857
16836,0,0,1,17576.0,12982.42857142857
8970,0,0,0,16836.0,12929.714285714286
8572,0,0,0,8970.0,12982.714285714286
8515,0,0,0,8572.0,13088.714285714286
8071,0,0,0,8515.0,13152.142857142857
19609,0,0,0,8071.0,12592.714285714286
14840,0,0,1,19609.0,12201.857142857143
16275,0,0,1,14840.0,12121.714285714286
9101,0,0,0,16275.0,12140.42857142857
17777,0,0,0,9101.0,13455.42857142857
7797,0,0,0,17777.0,13352.857142857143
10027,0,0,0,7797.0,13632.285714285714
19011,0,0,0,10027.0,13546.857142857143
15497,0,0,1,19011.0,13640.714285714286
18772,0,0,1,15497.0,13997.42857142857
12004,0,0,0,18772.0,14412.142857142857
22823,0,0,0,12004.0,15133.0
11077,0,0,0,22823.0,15601.57142857143
9684,0,0,0,11077.0,15552.57142857143
18989,0,0,0,9684.0,15549.42857142857
20377,0,0,1,18989.0,16246.57142857143
20671,0,0,1,20377.0,16517.85714285714
12366,0,0,0,20671.0,16569.571428571428
11626,0,0,0,12366.0,14970.0
11709,0,0,0,11626.0,15060.285714285714
10878,0,0,0,11709.0,15230.857142857143
23954,0,0,0,10878.0,15940.142857142857
15639,0,1,1,23954.0,15263.285714285714
18811,0,1,1,15639.0,14997.57142857143
16088,0,1,0,18811.0,15529.285714285714
17660,0,1,0,16088.0,16391.285714285714
15484,0,1,0,17660.0,16930.571428571428
15316,0,1,0,15484.0,17564.571428571428
10545,0,1,0,15316.0,15649.0
16104,1,1,1,10545.0,15715.42857142857
17266,1,1,1,16104.0,15494.714285714286
19854,0,1,0,17266.0,16032.714285714286
21857,0,1,0,19854.0,16632.285714285714
21497,0,1,0,21857.0,17491.285714285714
20689,0,1,0,21497.0,18258.85714285714
25313,0,1,0,20689.0,20368.571428571428
20475,1,1,1,25313.0,20993.0
16781,0,1,1,20475.0,20923.714285714286
10236,0,0,0,16781.0,19549.714285714286
10714,0,0,0,10236.0,17957.85714285714
11982,0,0,0,10714.0,16598.571428571428
12153,0,0,0,11982.0,15379.142857142857
10812,0,0,0,12153.0,13307.57142857143
14869,0,0,1,10812.0,12506.714285714286
14996,0,0,1,14869.0,12251.714285714286
9188,0,0,0,14996.0,12102.0
6328,0,0,0,9188.0,11475.42857142857
5851,0,0,0,6328.0,10599.57142857143
6391,0,0,0,5851.0,9776.42857142857
7333,0,0,0,6391.0,9279.42857142857
20470,0,0,1,7333.0,10079.57142857143
10828,0,0,1,20470.0,9484.142857142857
5394,0,0,0,10828.0,8942.142857142857
3414,0,0,0,5394.0,8525.857142857143
2608,0,0,0,3414.0,8062.571428571428
3462,0,0,0,2608.0,7644.142857142857
4107,0,0,0,3462.0,7183.285714285715
10699,0,0,1,4107.0,5787.428571428572
12287,0,0,1,10699.0,5995.857142857143
5020,0,0,0,12287.0,5942.428571428572
3124,0,0,0,5020.0,5901.0
2857,0,0,0,3124.0,5936.571428571428
3365,0,0,0,2857.0,5922.714285714285
4449,0,0,0,3365.0,5971.571428571428
10746,0,0,1,4449.0,5978.285714285715
12987,0,0,1,10746.0,6078.285714285715
5816,0,0,0,12987.0,6192.0
3702,0,0,0,5816.0,6274.571428571428
4140,0,0,0,3702.0,6457.857142857143
5041,0,0,0,4140.0,6697.285714285715
6094,0,0,0,5041.0,6932.285714285715
12030,0,0,1,6094.0,7115.714285714285
14030,0,0,1,12030.0,7264.714285714285
13159,0,0,0,14030.0,8313.714285714286
13110,0,0,0,13159.0,9657.714285714286
12621,0,0,0,13110.0,10869.285714285714
11819,0,0,0,12621.0,11837.57142857143
11406,0,0,0,11819.0,12596.42857142857
16751,0,1,1,11406.0,13270.857142857143
17566,0,1,1,16751.0,13776.0
12788,0,1,0,17566.0,13723.0
13572,0,1,0,12788.0,13789.0
13159,0,1,0,13572.0,13865.857142857143
14737,0,1,0,13159.0,14282.714285714286
13201,0,1,0,14737.0,14539.142857142857
16433,0,1,1,13201.0,14493.714285714286
14669,0,1,1,16433.0,14079.857142857143
10711,0,0,0,14669.0,13783.142857142857
12616,0,0,0,10711.0,13646.57142857143
13926,0,0,0,12616.0,13756.142857142857
12689,0,0,0,13926.0,13463.57142857143
14103,0,0,0,12689.0,13592.42857142857
18078,0,0,1,14103.0,13827.42857142857
18291,0,0,1,18078.0,14344.857142857143
17941,0,0,0,18291.0,15377.714285714286
15115,0,0,0,17941.0,15734.714285714286
15569,0,0,0,15115.0,15969.42857142857
17439,0,0,0,15569.0,16648.0
15952,0,0,0,17439.0,16912.14285714286
18353,0,0,1,15952.0,16951.428571428572
19339,0,0,1,18353.0,17101.14285714286
11885,0,0,0,19339.0,16236.0
11400,0,0,0,11885.0,15705.285714285714
10994,0,0,0,11400.0,15051.714285714286
11320,0,0,0,10994.0,14177.57142857143
12271,0,0,0,11320.0,13651.714285714286
18903,0,0,1,12271.0,13730.285714285714
19141,0,0,1,18903.0,13702.0
12529,0,0,0,19141.0,13794.0
12642,0,0,0,12529.0,13971.42857142857
13344,0,0,0,12642.0,14307.142857142857
12419,0,0,0,13344.0,14464.142857142857
15392,0,0,0,12419.0,14910.0
23114,0,0,1,15392.0,15511.57142857143
21130,0,0,1,23114.0,15795.714285714286
13561,0,0,0,21130.0,15943.142857142857
12912,0,0,0,13561.0,15981.714285714286
13071,0,0,0,12912.0,15942.714285714286
13677,0,0,0,13071.0,16122.42857142857
15634,0,0,0,13677.0,16157.0
22405,0,0,1,15634.0,16055.714285714286
21959,0,0,1,22405.0,16174.142857142857
15470,0,0,0,21959.0,16446.85714285714
14327,0,0,0,15470.0,16649.0
13801,0,0,0,14327.0,16753.285714285714
12640,0,0,0,13801.0,16605.14285714286
11856,0,0,0,12640.0,16065.42857142857
17311,0,0,1,11856.0,15337.714285714286
18717,0,0,1,17311.0,14874.57142857143
16583,0,0,0,18717.0,15033.57142857143
19527,0,0,0,16583.0,15776.42857142857
18681,0,0,0,19527.0,16473.571428571428
19316,0,0,0,18681.0,17427.285714285714
16702,0,0,0,19316.0,18119.571428571428
17765,0,1,1,16702.0,18184.428571428572
21604,0,1,1,17765.0,18596.85714285714
24408,0,1,0,21604.0,19714.714285714286
22482,0,1,0,24408.0,20136.85714285714
23212,0,1,0,22482.0,20784.14285714286
23437,1,1,0,23212.0,21372.85714285714
22576,1,1,0,23437.0,22212.0
23610,0,1,1,22576.0,23047.0
25763,1,1,1,23610.0,23641.14285714286
22235,1,1,0,25763.0,23330.714285714286
22338,0,0,0,22235.0,23310.14285714286
23270,0,0,0,22338.0,23318.428571428572
24757,0,0,0,23270.0,23507.0
23256,0,0,0,24757.0,23604.14285714286
23397,0,0,1,23256.0,23573.714285714286
21283,0,0,1,23397.0,22933.714285714286
20934,0,0,0,21283.0,22747.85714285714
23559,0,0,0,20934.0,22922.285714285714
21847,0,0,0,23559.0,22719.0
22363,0,0,0,21847.0,22377.0
20872,0,0,0,22363.0,22036.428571428572
21315,0,0,1,20872.0,21739.0
22158,0,0,1,21315.0,21864.0
20568,0,0,0,22158.0,21811.714285714286
22289,0,0,0,20568.0,21630.285714285714
22435,0,0,0,22289.0,21714.285714285714
24261,0,0,0,22435.0,21985.428571428572
22282,0,0,0,24261.0,22186.85714285714
24223,0,0,1,22282.0,22602.285714285714
23880,0,0,1,24223.0,22848.285714285714
19756,0,0,0,23880.0,22732.285714285714
18039,0,0,0,19756.0,22125.14285714286
16667,0,0,0,18039.0,21301.14285714286
18855,0,0,0,16667.0,20528.85714285714
21498,1,0,0,18855.0,20416.85714285714
22779,0,0,1,21498.0,20210.571428571428
23834,0,0,1,22779.0,20204.0
20834,0,0,0,23834.0,20358.0
20700,0,0,0,20834.0,20738.14285714286
17828,0,0,0,20700.0,20904.0
17894,0,0,0,17828.0,20766.714285714286
20871,0,0,0,17894.0,20677.14285714286
24911,0,0,1,20871.0,20981.714285714286
23650,0,0,1,24911.0,20955.428571428572
21503,0,0,0,23650.0,21051.0
23276,0,0,0,21503.0,21419.0
22111,0,0,0,23276.0,22030.85714285714
21802,1,0,0,22111.0,22589.14285714286
23880,0,0,0,21802.0,23019.0
25426,0,0,1,23880.0,23092.571428571428
22689,0,0,1,25426.0,22955.285714285714
22108,0,0,0,22689.0,23041.714285714286
23819,0,0,0,22108.0,23119.285714285714
22116,0,0,0,23819.0,23120.0
21039,0,0,0,22116.0,23011.0
23633,0,0,0,21039.0,22975.714285714286
22357,0,0,1,23633.0,22537.285714285714
25748,1,0,1,22357.0,22974.285714285714
25522,1,0,0,25748.0,23462.0
24805,0,0,0,25522.0,23602.85714285714
22154,0,0,0,24805.0,23608.285714285714
23941,0,0,0,22154.0,24022.85714285714
23325,0,0,0,23941.0,23978.85714285714
27004,0,0,1,23325.0,24642.714285714286
29936,0,0,1,27004.0,25241.0
21054,0,0,0,29936.0,24602.714285714286
22220,0,0,0,21054.0,24233.428571428572
18184,0,0,0,22220.0,23666.285714285714
18347,0,0,0,18184.0,22867.14285714286
21954,0,0,0,18347.0,22671.285714285714
22049,0,0,1,21954.0,21963.428571428572
19612,0,0,1,22049.0,20488.571428571428
21889,0,0,0,19612.0,20607.85714285714
21658,0,0,0,21889.0,20527.571428571428
23578,0,0,0,21658.0,21298.14285714286
22298,0,0,0,23578.0,21862.571428571428
23838,0,0,0,22298.0,22131.714285714286
22521,0,1,1,23838.0,22199.14285714286
22631,0,1,1,22521.0,22630.428571428572
20782,0,1,0,22631.0,22472.285714285714
21949,0,1,0,20782.0,22513.85714285714
21989,0,1,0,21949.0,22286.85714285714
19549,0,1,0,21989.0,21894.14285714286
19781,0,1,0,19549.0,21314.571428571428
21305,0,1,1,19781.0,21140.85714285714
22261,0,1,1,21305.0,21088.0
20190,0,1,0,22261.0,21003.428571428572
20412,0,1,0,20190.0,20783.85714285714
21569,0,1,0,20412.0,20723.85714285714
20736,0,1,0,21569.0,20893.428571428572
17518,0,1,0,20736.0,20570.14285714286
18081,0,1,1,17518.0,20109.571428571428
20584,0,1,1,18081.0,19870.0
18667,0,1,0,20584.0,19652.428571428572
23110,0,1,0,18667.0,20037.85714285714
20562,0,1,0,23110.0,19894.0
20408,0,1,0,20562.0,19847.14285714286
24023,0,1,0,20408.0,20776.428571428572
23416,0,1,1,24023.0,21538.571428571428
20918,0,1,1,23416.0,21586.285714285714
21109,0,1,0,20918.0,21935.14285714286
21048,0,1,0,21109.0,21640.571428571428
30987,0,1,0,21048.0,23129.85714285714
29641,0,1,0,30987.0,24448.85714285714
27924,0,1,0,29641.0,25006.14285714286
27538,0,1,1,27924.0,25595.0
26798,0,1,1,27538.0,26435.0
27061,0,1,0,26798.0,27285.285714285714
14882,0,1,0,27061.0,26404.428571428572
